idx,arm,current_mr,mr,delta_mr,current_h2,h2,instr_len,query_len,generality_score,locality_score,patterns,bad_patterns,instr_title_hits,instr_risky_titles,query_title_hits,query_risky_titles,question,current_query,query,instruction_excerpt
55,prompt_update_Rq_delta_p_only_aggregate_steps_4,0.0,1.0,1.0,0.5,1.0,1562,53,6,4,preserve_anchor; restore_relation_or_type; drop_noisy_entity; candidate_uncertainty; bm25_interface_guard; single_query_guard; multi_query_drift,boolean_heavy; multi_query,Amsterdamned,,Amsterdamned,,What culture do both the Capital of the Netherlands and Amsterdamned have in common?,Amsterdam Dutch culture; Amsterdamned (1988) Dutch horror film Dick Maas Dutch cinema,Amsterdamned Dutch film Amsterdam capital Netherlands,"Given the fields `question` and `summary_1`, produce the field `query` for the second hop as a single compact BM25 query that verifies a shared national/cultural label between the two named entities. Rules: - Preserve exact entity anchors as retrieval seeds: the film title anchor (e.g., Amsterdamned) and the city anchor (Amsterdam). Do not broaden these anchors. - Inject concise relation/type/country cues adjacent to each entity to elicit lede/infobox-style hits: attach a short film-type nationality cue to the film anchor (prefer ""Dutch film"") and attach a short role/country cue to the city anchor (use ""capital"" and/or ""Netherlands""). - Query ordering and shape: start with the film title anchor, then 1–3 tight disambiguators (prefer the phrase ""Dutch film""); then include the city anchor with ""capital"" and ""Netherlands"" tokens. Form one plain space-separated token sequence (entity+property adjacency favored for BM25 proximity). - Keep the query short and noun-focused (prefer <12 ..."
55,prompt_update_Rq_full_context_aggregate_steps_4,0.0,1.0,1.0,0.5,1.0,2497,64,4,4,preserve_anchor; restore_relation_or_type; drop_noisy_entity; candidate_uncertainty; bm25_interface_guard; single_query_guard; multi_query_drift; leakage_language,boolean_heavy; multi_query; leakage_language,,,Amsterdamned,,What culture do both the Capital of the Netherlands and Amsterdamned have in common?,Amsterdam Dutch culture; Amsterdamned (1988) Dutch horror film Dick Maas Dutch cinema,Amsterdam capital Netherlands Dutch Amsterdamned Dutch film 1988,"Given the fields `question` and `summary_1`, produce the field `query` optimized for the second hop of a multi‑hop retrieval system. Preserve create_query_hop2’s role: return exactly one compact second‑hop BM25 query (a single plain text line of space‑separated tokens) that retrieves additional authoritative documents not captured in the first hop. Do not return multiple queries, examples, final answers, or retrieval scripts. Rules (apply in order): - Preserve source anchors: keep the core entity tokens found in the question and summary (e.g., film titles, person names, place names, aliases). Do not generalize these anchors into vague phrases. - Identify and add missing disambiguators from the summary as short literal tokens/phrases: use year tokens, nationality/country adjectives or names (e.g., Dutch, Netherlands), type/relation cues (e.g., film, horror, director, capital, city), and concise setting cues (e.g., canals, set in Amsterdam). Prefer 1–3 disambiguators per entity and ..."
60,prompt_update_Rq_delta_p_only_aggregate_steps_4,0.0,0.0,0.0,0.0,0.0,1352,13,5,2,restore_relation_or_type; drop_noisy_entity; bm25_interface_guard; single_query_guard; web_search_drift; multi_query_drift; query_string_like_delta,web_syntax; boolean_heavy; multi_query,,,,,The telescope that observed the debris disk of HD 92945 was launched into low Earth orbit in what year?,Hubble Space Telescope STS-31 Space Shuttle Discovery launch date launch year,STS-31 launch,"Given the fields `question` and `summary_1`, produce exactly one compact BM25-style keyword query optimized for the second hop to retrieve a concise launch-date statement. Rules: - Goal: surface an authoritative mission- or overview-level page that explicitly states the telescope's launch year/date. - Primary path (when a mission identifier appears in context): emit a 1–3 token query that foregrounds the mission identifier followed by a single date/relation cue. Structure: [MISSION_ID] + [launch|launch date|launch year] (optionally include the four-digit year as a third token). Do not include telescope/instrument names or other side entities. - Fallback path (when no mission identifier is available): emit a 2–4 token query that uses the canonical telescope name or common alias (e.g., Hubble, HST, or the provided telescope name) + a single date/relation cue (launch|launch date|launch year). Optionally append one short overview cue (overview or infobox) to bias summary pages. - ..."
60,prompt_update_Rq_full_context_aggregate_steps_4,0.0,0.0,0.0,0.0,0.0,2005,18,3,2,preserve_anchor; restore_relation_or_type; drop_noisy_entity; bm25_interface_guard; single_query_guard; web_search_drift; multi_query_drift; leakage_language,web_syntax; boolean_heavy; multi_query; leakage_language,,,,,The telescope that observed the debris disk of HD 92945 was launched into low Earth orbit in what year?,Hubble Space Telescope STS-31 Space Shuttle Discovery launch date launch year,STS-31 launch year,"Given fields `question` and `summary_1`, produce exactly one compact BM25-style keyword query (2–6 tokens) optimized for the second hop to retrieve a telescope's launch year/date. Trigger: when the question asks for the launch year/date of a named telescope or the summary references the telescope's launch. Selection logic: - If a specific mission identifier (exact mission code, e.g., ""STS-31"") or a clear launch vehicle token appears in the context, prefer a mission-focused query with the mission id first, then a single date/relation cue: [MISSION_ID] + [launch|launch date|launch year] (e.g., STS-31 launch date). - Otherwise, emit an entity-centric query: [canonical telescope name or common alias] + [launch|launch date|launch year]. Optionally append one short type cue ('history' or 'overview') or the four-digit year token if it is already known and will tighten results. Preserve: the exact canonical telescope name or exact mission identifier/alias as present in inputs. Preserve a ..."
77,prompt_update_Rq_delta_p_only_aggregate_steps_4,1.0,1.0,0.0,1.0,1.0,1739,38,5,5,preserve_anchor; restore_relation_or_type; drop_noisy_entity; candidate_uncertainty; bm25_interface_guard; single_query_guard; web_search_drift; multi_query_drift; query_string_like_delta,web_syntax; boolean_heavy; multi_query,Carlo's Bake Shop,,Carlo's Bake Shop,,"The winner of the first season of ""Next Great Baker"" would win an apprenticeship at the bakery owned by who?",Next Great Baker season 1 winner Carlo's Bake Shop,Buddy Valastro Carlo's Bake Shop owner,"Given the fields question and summary_1, produce the field query optimized for the second hop. Emit exactly one compact BM25-style query (single plain-text line, 2–7 space-separated tokens) that shifts retrieval from show/season/prize pages to authoritative place or person pages that explicitly state who owns the named bakery. Rules: - Preserve the exact place-name anchor or its primary alias from inputs (e.g., Carlo's Bake Shop or Buddy's bakery). - Restore an explicit ownership relation cue adjacent to that anchor (use owner, owns, proprietor, runs). The query must target a PERSON as the expected answer type. - If a likely proprietor/person-name is visible in the inputs (e.g., Buddy Valastro), prefer person-first ordering: person-name + bakery-anchor + ownership cue (or person-name + owner + bakery-anchor). If no clear person-name is present, use bakery-anchor + owner (e.g., Carlo's Bake Shop owner). - Keep only tokens that help identify the bakery or the proprietor role; drop ..."
77,prompt_update_Rq_full_context_aggregate_steps_4,1.0,1.0,0.0,1.0,1.0,2205,38,5,5,preserve_anchor; restore_relation_or_type; drop_noisy_entity; wrong_candidate_relaxation; entity_level_over_location_event; bm25_interface_guard; single_query_guard; web_search_drift; multi_query_drift; query_string_like_delta; leakage_language,web_syntax; boolean_heavy; leakage_language,Carlo's Bake Shop,,Carlo's Bake Shop,,"The winner of the first season of ""Next Great Baker"" would win an apprenticeship at the bakery owned by who?",Next Great Baker season 1 winner Carlo's Bake Shop,Buddy Valastro owner Carlo's Bake Shop,"Given fields `question` and `summary_1`, produce the field `query` optimized for the second hop. Your goal is a single compact BM25 query that retrieves authoritative season- or entity-level documents needed to resolve who owns a named prize location (expected answer type: a PERSON). Rules: TRIGGER: Apply when the question asks who owns or is proprietor of a place referenced as an apprenticeship/prize location (phrases like “owned by who”, “apprenticeship at the bakery owned by”, etc.). PRESERVE: Keep the exact named-place anchor or its common alias from inputs (e.g., Carlo's Bake Shop, Buddy's bakery). Preserve visible person anchors from the question/summary when present (e.g., Buddy Valastro) and the expectation that the answer is a PERSON. TWO-STAGE RESTORE: First-stage (if season/prize confirmation is needed) — include show title + explicit season marker + the place name + a prize relation token (apprenticeship/prize/grand prize) to surface season pages, press releases, or ..."
6,prompt_update_Rq_delta_p_only_aggregate_steps_4,0.0,0.0,0.0,0.0,0.0,2173,37,4,4,preserve_anchor; restore_relation_or_type; drop_noisy_entity; candidate_uncertainty; entity_level_over_location_event; bm25_interface_guard; single_query_guard; multi_query_drift; query_string_like_delta; leakage_language,boolean_heavy; multi_query; leakage_language,,,Shenandoah River,,Smith Creek is a 35.5 mi tributary stream of the North Fork of a river that passes through which US states?,Shenandoah River North Fork flows through which states Virginia West Virginia Harpers Ferry,Shenandoah River Harpers Ferry states,"Given the fields `question` and `summary_1`, produce the field `query` optimized for the second hop of a multi-hop retrieval system. Your output must be exactly one compact BM25-style keyword query (single line, plain space-separated tokens, no punctuation, no boolean operators, no quotes, no multiple queries) that will retrieve authoritative river-level pages (lead/infobox/course) listing the U.S. states the river traverses. Rule set for composing the hop2 query: - Trigger: Apply these edits when the question names a small tributary or a fork (e.g., ""Smith Creek"" or ""North Fork ..."") and the goal is to find which U.S. states the parent/main river passes through. - Anchor preservation: Use the main river name as the primary anchor token exactly as available in the inputs (treat fork/tributary names only as aliases, not the primary token). - Bridge restoration: Include one concise downstream/confluence landmark token (for example Harpers Ferry or Potomac) to connect the river anchor ..."
6,prompt_update_Rq_full_context_aggregate_steps_4,0.0,0.0,0.0,0.0,0.0,1552,37,6,3,preserve_anchor; restore_relation_or_type; drop_noisy_entity; candidate_uncertainty; bm25_interface_guard; single_query_guard; web_search_drift; multi_query_drift; query_string_like_delta,boolean_heavy; multi_query,,,Shenandoah River,,Smith Creek is a 35.5 mi tributary stream of the North Fork of a river that passes through which US states?,Shenandoah River North Fork flows through which states Virginia West Virginia Harpers Ferry,Shenandoah River Harpers Ferry states,"Given fields question and summary_1, produce the single field query optimized for the second hop. Trigger: apply when the question asks which U.S. state(s) a river passes through and the context names a small tributary or a fork. Rules: (1) Preserve the source anchor exactly as given, but use the main river name as the primary retrieval anchor (prefer the river name over a tributary/fork token); if the main river name is not explicit, preserve the fork-level phrase as the anchor. (2) Restore a concise downstream/confluence bridge token drawn from the context (for example: Harpers Ferry, Potomac, confluence, lower course) to connect the anchor to the river’s lower reach. (3) Add a single attribute cue to bias for lead/infobox/course summaries (prefer the token states; alternatively course or infobox). (4) Optionally include candidate state names only when those state tokens appear in the question or summary_1 and their inclusion is needed to boost recall; otherwise omit explicit ..."
90,prompt_update_Rq_delta_p_only_aggregate_steps_4,1.0,0.0,-1.0,0.5,0.5,2239,53,3,3,preserve_anchor; restore_relation_or_type; drop_noisy_entity; bm25_interface_guard; single_query_guard; web_search_drift; multi_query_drift; leakage_language,web_syntax; boolean_heavy; multi_query; leakage_language,Lumbini,,Imiliya; Lumbini,,Imiliya is a town located in what pilgrimage site?,Imiliya Kapilvastu Lumbini Nepal Maya Devi Temple sacred garden monastic zone UNESCO coordinates proximity,Imiliya Kapilvastu Lumbini Mayadevi temple birthplace,"Given the fields `question` and `summary_1`, produce the field `query` optimized for the second hop of a multi‑hop retrieval system. Return exactly one compact BM25 query string (single line, whitespace‑separated tokens only) that will surface authoritative pages which (A) identify the pilgrimage site and its key landmark/authority statements and (B) connect that pilgrimage identity to the sampled place’s locality. Rules: - When the question links a named settlement to a pilgrimage site, compose one short bag‑of‑words BM25 query that conjunctively combines: the sampled place name token, its administrative district token, the pilgrimage site name token, one principal pilgrimage landmark token, and one site‑type or authority cue. Example token types: PLACE_NAME DISTRICT LUMBINI Mayadevi Rummindei Ashoka pillar pilgrimage birthplace UNESCO Lumbini Development Trust Siddhartha Gautama. - Always preserve the exact sampled place name and its administrative district as anchor tokens. - ..."
90,prompt_update_Rq_full_context_aggregate_steps_4,1.0,1.0,0.0,0.5,1.0,2043,53,3,4,preserve_anchor; restore_relation_or_type; drop_noisy_entity; candidate_uncertainty; bm25_interface_guard; single_query_guard; web_search_drift; multi_query_drift; query_string_like_delta; leakage_language,web_syntax; boolean_heavy; multi_query; leakage_language,Imiliya; Lumbini,,Imiliya; Lumbini,,Imiliya is a town located in what pilgrimage site?,Imiliya Kapilvastu Lumbini Nepal Maya Devi Temple sacred garden monastic zone UNESCO coordinates proximity,Imiliya Kapilvastu Lumbini Mayadevi Temple pilgrimage,"Given the fields `question` and `summary_1`, produce the field `query` optimized for the second hop. This composer is used when the question asks which pilgrimage site contains a named settlement (town → pilgrimage containment). Output exactly one single-line BM25 query string and nothing else. Rules: - Purpose: retrieve authoritative, locality- and heritage-focused passages that tie the sampled place to a pilgrimage site (site identity and locality/proximity), without asserting interior containment inside a sacred enclosure. - Preserve anchors: include the settlement name token exactly as in the inputs and its administrative district token (e.g., ""Imiliya"" and ""Kapilvastu""). These are required. - Restore high-signal pilgrimage cues: include the pilgrimage-site name (e.g., ""Lumbini"") plus one principal landmark or authority token (choose one: ""Mayadevi Temple"", ""Rummindei"", ""Ashoka pillar"", or ""UNESCO"") and one site-type relation cue such as ""pilgrimage"" or ""birthplace"". Prefer one ..."
108,prompt_update_Rq_delta_p_only_aggregate_steps_4,0.0,1.0,1.0,0.0,0.5,1812,35,6,3,preserve_anchor; restore_relation_or_type; drop_noisy_entity; candidate_uncertainty; bm25_interface_guard; single_query_guard; web_search_drift; multi_query_drift; query_string_like_delta,boolean_heavy; multi_query,,,,,Are Solo and La Croix Sparkling Water produced in the same country ?,Solo (soft drink) Australian lemon-flavoured carbonated drink produced in Australia manufacturer Schweppes Asahi,Solo (Australian) origin soft drink,"Given the fields `question` and `summary_1`, produce the field `query` optimized for the second retrieval hop. When the question compares production/origin countries and one brand name is ambiguous or missing an explicit production-country in the summary, force a disambiguation-before-compare retrieval step: emit exactly one compact BM25 query that disambiguates the ambiguous brand and targets a lead/infobox country-of-origin statement. Rules: - Preserve the canonical entity name tokens and, if needed for disambiguation, a short parenthetical disambiguator immediately after the name (e.g., (Australian) ). - Restore an explicit country/origin extraction cue (examples: origin, country, country of origin, produced in) to steer retrieval to a lead or infobox line. - Optionally include one short descriptive type token (e.g., soft drink) only if it aids disambiguation; otherwise omit. - Drop manufacturer, distributor, global-brand, flavor, and other noisy tokens (examples: Schweppes, ..."
108,prompt_update_Rq_full_context_aggregate_steps_4,0.0,1.0,1.0,0.0,0.5,1904,24,4,2,preserve_anchor; restore_relation_or_type; drop_noisy_entity; candidate_uncertainty; bm25_interface_guard; single_query_guard; multi_query_drift; leakage_language,boolean_heavy; multi_query; leakage_language,,,,,Are Solo and La Croix Sparkling Water produced in the same country ?,Solo (soft drink) Australian lemon-flavoured carbonated drink produced in Australia manufacturer Schweppes Asahi,Solo (soft drink) origin,"Given the fields question and summary_1, produce the field query optimized for the second hop. Follow these rules: - Purpose: retrieve additional authoritative lead/infobox or disambiguation lines needed to resolve missing production/origin facts (e.g., when comparing whether two beverages are produced in the same country). - Identify missing entities or ambiguous names in summary_1 and target those for disambiguation before comparison. - If one brand is ambiguous or missing origin info, force a disambiguation-first, extraction-oriented query that returns a short lead/infobox line stating country/origin. - Query shape (must produce exactly one BM25 query string): prefer 2–4 high-precision tokens in this order — 1) brand name token, 2) optional parenthetical disambiguator immediately after the brand (e.g., (Australian soft drink)) if needed to resolve ambiguity, 3) one short extraction cue token such as origin or country or produced. Example structure: [Brand][(disambiguator)] ..."
82,prompt_update_Rq_delta_p_only_aggregate_steps_4,0.0,1.0,1.0,0.5,1.0,2558,97,3,4,preserve_anchor; restore_relation_or_type; drop_noisy_entity; candidate_uncertainty; bm25_interface_guard; single_query_guard; web_search_drift; multi_query_drift; leakage_language,web_syntax; boolean_heavy; multi_query; leakage_language,Bushwhacker,,Bushwhacker,,"What type of criminals, named after a term from the Revolutionary War, were involved in the Clay County Savings Association Building robbery?","""Clay County Savings Association robbery"" 1866 Liberty Missouri Jesse James Archie Clement James–Younger Gang guerrillas bushwhackers partisans term origin Revolutionary War usage",Clay County Savings Association robbery Missouri guerrilla bushwhacker partisan definition called,"Given the fields `question` and `summary_1`, produce the field `query` optimized for the second hop. Generate exactly one compact BM25-style bag-of-words query (single line, plain text, no operators, no punctuation beyond bare words, no multiple queries) that prioritizes short encyclopedia/dictionary lead lines naming the robbers with a single label. Preserve: - The event anchor (the robbery name or short event phrase, e.g., ""Clay County Savings Association robbery"" or a concise variant) and a location token (""Liberty"", ""Missouri"" or ""Missouri Civil War"") so the robbery article ranks high. - A small candidate set of one-word perpetrator-label tokens (e.g., guerrilla, bushwhacker, partisan). Keep these tokens together in the query. - A short context cue to bias toward concise definitions or lead sentences: one of ""definition"", ""lead"", or ""perpetrators"" and a Civil‑War/Missouri context token (""Civil War"" or ""Missouri""). Restore/include cues that force short-label retrieval: - An ..."
82,prompt_update_Rq_full_context_aggregate_steps_4,0.0,1.0,1.0,0.5,1.0,1756,103,3,4,preserve_anchor; restore_relation_or_type; drop_noisy_entity; candidate_uncertainty; bm25_interface_guard; single_query_guard; web_search_drift; multi_query_drift; leakage_language,web_syntax; boolean_heavy; multi_query; leakage_language,Bushwhacker,,Bushwhacker,,"What type of criminals, named after a term from the Revolutionary War, were involved in the Clay County Savings Association Building robbery?","""Clay County Savings Association robbery"" 1866 Liberty Missouri Jesse James Archie Clement James–Younger Gang guerrillas bushwhackers partisans term origin Revolutionary War usage",Clay County Savings Association robbery Liberty Missouri perpetrators guerrillas bushwhackers Civil War,"Given the fields `question` and `summary_1`, produce the field `query` containing exactly one compact BM25-style bag-of-words query optimized for the SECOND hop. Your goal is to retrieve concise documents missed by the first hop (e.g., an article lead sentence or a short definition) that supply a single noun-label or tightly focused context needed to answer the question. Rules: - Preserve event and location anchors from the sample (keep the robbery/event phrase and place tokens as plain words). - Preserve a small candidate set of one-word label tokens when uncertain (e.g., guerrillas, bushwhackers, partisan) rather than expanding into many synonyms. - Restore retrieval cues that bias toward short lead/definition evidence: include an action/label cue such as robbers called or perpetrators or robbers were described as, plus a short context token like definition and a locality/context specifier (Civil War or Missouri). - Drop noisy side entities and long biographical or etymology ..."
118,prompt_update_Rq_delta_p_only_aggregate_steps_4,0.5,0.5,0.0,0.5,0.5,2059,54,5,0,preserve_anchor; restore_relation_or_type; drop_noisy_entity; candidate_uncertainty; bm25_interface_guard; single_query_guard; web_search_drift; multi_query_drift,web_syntax; boolean_heavy; multi_query,,,,,"What acress starred in both ""Third Person"" and ""From Here to Eternity""?",Third Person (2013 film) cast; From Here to Eternity (1953 film) cast; From Here to Eternity (1979 miniseries) cast,Third Person 2013 cast From Here to Eternity 1953 cast,"Given the fields `question` and `summary_1`, produce the field `query` optimized for the second hop. Follow these rules exactly. - Role and intent: If the question asks which performer (actress) “starred in both” / “appeared in both” two named works, preserve that relation cue and the answer type (PERSON — actress). Treat the two named works as TitleA and TitleB whose top-billed female cast sets will be intersected. - Disambiguation requirement: For any ambiguous title, attach an explicit disambiguator token (a release year or a format token such as miniseries/film). Prefer the most likely canonical/prolific release year by default unless the user specifies otherwise. - Cast-targeting tokens: For each title, append a cast retrieval cue (use 'cast' or 'starring') so returned documents contain authoritative ""Cast""/""Starring"" sections with top-billed performers. Prefer the single token 'cast' when possible. - Query shape: Output exactly one compact BM25-style single-line query formed ..."
118,prompt_update_Rq_full_context_aggregate_steps_4,0.5,0.5,0.0,0.5,0.5,1491,54,5,0,preserve_anchor; restore_relation_or_type; drop_noisy_entity; candidate_uncertainty; bm25_interface_guard; single_query_guard; web_search_drift; multi_query_drift,web_syntax; boolean_heavy; multi_query,,,,,"What acress starred in both ""Third Person"" and ""From Here to Eternity""?",Third Person (2013 film) cast; From Here to Eternity (1953 film) cast; From Here to Eternity (1979 miniseries) cast,Third Person 2013 cast From Here to Eternity 1953 cast,"Given the fields `question` and `summary_1`, produce the field `query` optimized for the second hop. Output exactly one compact BM25 query string (single-line, plain tokens) that retrieves authoritative cast/starring pages for the two named works so their top-billed female performers can be compared. Rules: preserve the relation cue (the question’s “starred in both” / overlap-of-cast) and the expected answer type (person — actress). Treat the two titles as distinct anchors (SOURCE_TITLE and TARGET_TITLE). Disambiguate ambiguous titles by appending the canonical release year or format token (e.g., a year or the word miniseries) for each title; when the summary or common usage implies a most-likely year, prefer that year. Append the token cast (or starring) tied to each title to prioritize pages with clear cast sections. Produce one plain text bag-of-words query following the template: <TitleA> <YearA> cast <TitleB> <YearB> cast. Keep the string short (aim ~6–12 tokens), use no ..."
132,prompt_update_Rq_delta_p_only_aggregate_steps_4,0.0,0.0,0.0,0.5,0.5,1751,44,5,5,preserve_anchor; restore_relation_or_type; drop_noisy_entity; bm25_interface_guard; single_query_guard; multi_query_drift; query_string_like_delta; leakage_language,boolean_heavy; leakage_language,,,Selmasongs,,"The soundtrack to 'Dancer in the Dark' is by what Icelandic singer, songwriter, actress, record producer, and DJ?","Björk Guðmundsdóttir biography birthdate occupations discography filmography ""Selmasongs"" soundtrack credits Vespertine production credits",Selmasongs soundtrack Bjork Icelandic singer,"Given the fields `question` and `summary_1`, produce the field `query` optimized for the second hop of a multi‑hop retrieval system. Apply this instruction when the question asks who performed or is credited for a named film soundtrack or soundtrack album (triggers: contains 'soundtrack', 'soundtrack to', film title, or album title). Preserve the core anchors from the input: album/soundtrack title token(s) and film title token(s) if present, the artist token(s) already visible, and the relation cue 'soundtrack'/'soundtrack by'. Restore concise album/release‑level bridge cues that target credit pages: prefer one of {soundtrack, soundtrack credits, credits, credited, performed, performed by, liner notes, album, release, artist} and optionally a reputable music‑database token such as AllMusic or Discogs or the token 'label' to bias toward release metadata. Drop or avoid broad biography and noisy deep‑detail tokens that cause irrelevant results: biography, birthdate, occupations, ..."
132,prompt_update_Rq_full_context_aggregate_steps_4,0.0,0.0,0.0,0.5,0.5,2723,27,3,5,preserve_anchor; restore_relation_or_type; drop_noisy_entity; candidate_uncertainty; bm25_interface_guard; single_query_guard; web_search_drift; multi_query_drift; query_string_like_delta; leakage_language,web_syntax; boolean_heavy; multi_query; leakage_language,,,Selmasongs,,"The soundtrack to 'Dancer in the Dark' is by what Icelandic singer, songwriter, actress, record producer, and DJ?","Björk Guðmundsdóttir biography birthdate occupations discography filmography ""Selmasongs"" soundtrack credits Vespertine production credits",Selmasongs soundtrack Bjork,"Given the fields `question` and `summary_1`, produce the field `query` optimized for the second hop of a multi‑hop retrieval system. Instruction (apply when the question asks who performed/is credited for a named film soundtrack or soundtrack album, e.g., contains the word ""soundtrack"", ""soundtrack to"", a film title, or an album title): - Goal: emit exactly one compact BM25-style keyword query (one single-line, space-separated string) that surfaces album-/release-level sources (album page, soundtrack credits, liner notes, reputable music-database entries) which explicitly credit the soundtrack artist and, when helpful, include a short artist descriptor. - Preserve high-priority anchors from the input: the album or soundtrack title token(s) and/or film title, the plain-stage artist token if already visible, and the relation cue ""soundtrack"" (treat these anchors as required tokens). - Restore concise album/credit bridge cues to target release-level evidence. Include exactly one or ..."
140,prompt_update_Rq_delta_p_only_aggregate_steps_4,0.0,0.0,0.0,0.5,0.0,2767,30,3,5,preserve_anchor; restore_relation_or_type; drop_noisy_entity; candidate_uncertainty; bm25_interface_guard; single_query_guard; web_search_drift; multi_query_drift; query_string_like_delta; leakage_language,web_syntax; boolean_heavy; multi_query; leakage_language,World Poker Tour,,World Poker Tour,,When was the winner of the series of international poker tournaments started in 2002 by Steven Lipscomb who has also won four World Series of Poker bracelets born?,"George Danzer World Poker Tour champion OR ""List of World Poker Tour champions"" ""four World Series of Poker bracelets"" birth date São Paulo",George Danzer World Poker Tour,"Given the fields `question` and `summary_1`, produce the field `query` optimized for the second hop. The generator must emit exactly one compact BM25-style keyword query (single-line, 3–6 tokens where possible) and nothing else. Choose one of the following three rule-driven templates depending on the retrieval trigger inferred from `summary_1` and prior hop state: 1) Candidate‑verification trigger (the next hop must verify whether a named candidate person is a World Poker Tour winner): - Preserve the candidate-person anchor (the person’s full name) and restore the canonical series anchor. - Drop list-oriented, birthdate/place, bracelet-count, other-player, and search‑operator tokens. - Template (single compact BM25 query): [PERSON] World Poker Tour - Purpose: surface pages that explicitly tie the named person to the World Poker Tour. 2) List‑lookup trigger (the retrieval goal is an authoritative, consolidated WPT winners/champions list to check presence of names): - Remove person- ..."
140,prompt_update_Rq_full_context_aggregate_steps_4,0.0,0.0,0.0,0.5,0.0,2390,35,3,5,preserve_anchor; restore_relation_or_type; drop_noisy_entity; candidate_uncertainty; bm25_interface_guard; single_query_guard; web_search_drift; multi_query_drift; query_string_like_delta; leakage_language,web_syntax; boolean_heavy; multi_query; leakage_language,World Poker Tour,,World Poker Tour,,When was the winner of the series of international poker tournaments started in 2002 by Steven Lipscomb who has also won four World Series of Poker bracelets born?,"George Danzer World Poker Tour champion OR ""List of World Poker Tour champions"" ""four World Series of Poker bracelets"" birth date São Paulo",George Danzer World Poker Tour born,"Given the fields question and summary_1, produce the field query optimized for the second hop as a single compact BM25 keyword phrase according to the following rules. 1) Decision and anchors - If summary_1 yields one high-confidence candidate person (a single named ""Candidate person"" or an obvious person anchor), preserve that person's full name as the primary anchor token. - If the candidate is absent or uncertain and the task is to find which WPT winner matches a bracelet-count constraint, do not include any person name; instead target an authoritative winners/champions list and the bracelet-count cue. 2) Relation and cue restoration - Always restore an explicit World Poker Tour relation cue to force pages that tie people to the series (use tokens such as World Poker Tour or WPT plus a short relation token like winner or champions). - When seeking a birth date (final entity-centric hop), add a brief birth cue only when the birthplace is already present in summary_1 (use born or ..."
149,prompt_update_Rq_delta_p_only_aggregate_steps_4,0.0,0.0,0.0,0.5,0.5,1642,32,3,4,preserve_anchor; restore_relation_or_type; drop_noisy_entity; candidate_uncertainty; bm25_interface_guard; single_query_guard; web_search_drift; multi_query_drift; query_string_like_delta; leakage_language,web_syntax; boolean_heavy; multi_query; leakage_language,Hulder,,Hulder,,A mythical forest creature that is seductive and from Sweden has the same being as what divine figure?,Huld völva Holda Holle Germanic goddess origin of hulder skogsrå Tallemaja,hulder Huld Holda völva identity,"Given the fields `question` and `summary_1`, produce the field `query` optimized for the second hop. Generate exactly one compact BM25-style keyword query (one line, tokens separated by single spaces) that retrieves concise etymology/identity or comparative‑mythology passages linking a folkloric term to an older/divine/seer figure. Rules: - Preserve core canonical anchors (prefer the 1–3 most common forms): hulder Huld Holda. If the visible inputs include a specific form, prefer that canonical spelling. Do not list long orthographic variant sets unless present in inputs. - Restore a role/type cue and at least one relation/bridge cue: include the role token völva (or seer) and an etymology/identity marker such as etymology origin identity originally same being cognate. Ensure at least one etymology marker and the role marker are present. - Query ordering and shape: place 1–3 preserved entity anchors first, then one role/type token (völva/seer), then 1–2 relation tokens (etymology ..."
149,prompt_update_Rq_full_context_aggregate_steps_4,0.0,0.0,0.0,0.5,0.5,2372,42,3,5,preserve_anchor; restore_relation_or_type; drop_noisy_entity; candidate_uncertainty; bm25_interface_guard; single_query_guard; web_search_drift; multi_query_drift; query_string_like_delta; leakage_language,web_syntax; boolean_heavy; multi_query; leakage_language,Skogsrå; Hulder,,Hulder,,A mythical forest creature that is seductive and from Sweden has the same being as what divine figure?,Huld völva Holda Holle Germanic goddess origin of hulder skogsrå Tallemaja,hulder Huld Holda völva identity etymology,"Given the fields `question` and `summary_1`, produce the field `query` optimized for the second hop of a multi-hop retrieval system. Your job is to output exactly one compact BM25-style query (one line, tokens separated by single spaces) that retrieves additional authoritative etymology/identity or comparative‑mythology passages not found in the first hop. Do not return multiple queries, explanations, titles, answers, or search-engine syntax. Trigger: apply when the question asks which older/divine/seer figure a folkloric term is “the same being as” or asks for the original identity of a named Swedish seductive forest-creature (e.g., hulder, skogsrå, local variants). Preserve: keep 1–3 primary entity anchors in canonical spellings (examples: hulder, Huld, Holda, Frau Holle). Preserve role/type cue token völva (or seer) and at least one philological marker (examples: etymology, origin, identity, huldr, huld, cognate). Restore: if the generator omits role/type or philological ..."
150,prompt_update_Rq_delta_p_only_aggregate_steps_4,0.0,1.0,1.0,0.5,1.0,2024,86,3,0,preserve_anchor; restore_relation_or_type; drop_noisy_entity; bm25_interface_guard; single_query_guard; web_search_drift; multi_query_drift; leakage_language,web_syntax; boolean_heavy; multi_query; leakage_language,,,2012 Wayne State Warriors football team,,What institution does 2012 Wayne State Warriors football team and Paul Winters have in common?,Paul Winters biography Wayne State University head coach Wayne State Warriors football program history Tom Adams Field GLIAC Detroit,Paul Winters head coach Wayne State University 2012 Wayne State Warriors football team,"Given the fields `question` and `summary_1`, produce the field `query` optimized for the second hop. Generate exactly one compact BM25 query (single line) that targets short, authoritative lead/title lines tying a named season/team page and a named person page to the same institution. Rules: - Preserve only the core retrieval anchors: the exact season+team identifier (year + team name as it appears) and the person’s full name. Preserve a program alias only if it is identical to those anchors. - Restore the explicit institution token (the university name) if available; include it in the query to force the affiliation bridge. - Include one concise role/relation cue (e.g., head coach or coach) adjacent to the person anchor to favor coach-bio affiliation lines. - Drop noisy or broad tokens that dilute lead-line matches: biography/history, stadium/venue names, conference/division labels, city/location names, extra season years, tenure counts, long descriptive phrases, and other ..."
150,prompt_update_Rq_full_context_aggregate_steps_4,0.0,1.0,1.0,0.5,1.0,1280,72,3,1,preserve_anchor; restore_relation_or_type; drop_noisy_entity; candidate_uncertainty; bm25_interface_guard; single_query_guard; web_search_drift; multi_query_drift; query_string_like_delta; leakage_language,web_syntax; boolean_heavy; multi_query; leakage_language,,,,,What institution does 2012 Wayne State Warriors football team and Paul Winters have in common?,Paul Winters biography Wayne State University head coach Wayne State Warriors football program history Tom Adams Field GLIAC Detroit,Paul Winters 2012 Wayne State Warriors head coach Wayne State University,"Given the fields `question` and `summary_1`, produce the field `query` optimized for the second hop. When the task is to identify a shared institutional affiliation between a specific season/team and a person, follow these rules: preserve only the core anchors from the inputs (the season+team identifier and the person name) and keep the original source anchor from summary_1; restore an explicit institution token (the university name) and a single role/relation cue (e.g., head coach or coach) so the query targets short lead-paragraph affiliation lines; drop noisy side tokens (biography, history, stadium names, conference/division labels, city names, other years, historical aliases, tenure counts and other broad modifiers); optionally keep a single venue token last only if it is necessary and unambiguous. Emit exactly one compact, single-line BM25-style query string composed of contiguous title-like tokens: cluster {person name} + {season team (year + team)} + {role cue} + ..."
169,prompt_update_Rq_delta_p_only_aggregate_steps_4,1.0,1.0,0.0,1.0,1.0,1127,102,4,4,preserve_anchor; restore_relation_or_type; drop_noisy_entity; bm25_interface_guard; single_query_guard; multi_query_drift; leakage_language,boolean_heavy; multi_query; leakage_language,Bud Ekins; Steve McQueen,,Bud Ekins; Steve McQueen,,"What movie did ""the king of cool"" play in with Bud Ekins as his stunt double?","Bud Ekins Steve McQueen stunt double Bullitt? ""The Great Escape"" motorcycle stunt details who performed jump stunt credits filming location","Bud Ekins Steve McQueen ""The Great Escape"" ""stunt double"" motorcycle stunt credits filmography Bullitt","Given fields `question` and `summary_1`, produce the field `query` optimized for the second hop. Preserve and prioritize these anchors and bridge cues: Bud Ekins, Steve McQueen (""The King of Cool""), the film ""The Great Escape"", and the credit relation token ""stunt double""; include the stunt event cue motorcycle jump or motorcycle stunt. Add lightweight authoritative-source cues as keywords to bias toward credit/biography statements (obituary, filmography, credits, biography, Stuntmen's Hall of Fame). Keep Bullitt only as an optional short exploratory token at the end to resolve credit ambiguity. Drop noisy side entities and tokens (other stunt names, motorcycle models, filming-location chatter, forum language), and avoid question words, site/domain filters, boolean operators, punctuation-heavy or multi-query constructions. Output exactly one single-line compact BM25-style query: a short sequence of space-separated keywords and very short phrase fragments (allow quoted exact-phrase ..."
169,prompt_update_Rq_full_context_aggregate_steps_4,1.0,1.0,0.0,1.0,1.0,2240,91,3,4,preserve_anchor; restore_relation_or_type; drop_noisy_entity; candidate_uncertainty; bm25_interface_guard; single_query_guard; web_search_drift; multi_query_drift; leakage_language,web_syntax; boolean_heavy; multi_query; leakage_language,Bud Ekins; Steve McQueen,,Bud Ekins; Steve McQueen,,"What movie did ""the king of cool"" play in with Bud Ekins as his stunt double?","Bud Ekins Steve McQueen stunt double Bullitt? ""The Great Escape"" motorcycle stunt details who performed jump stunt credits filming location","Bud Ekins Steve McQueen ""stunt double"" ""The Great Escape"" ""motorcycle jump"" Bullitt credits","Given fields `question` and `summary_1`, produce the field `query` optimized for the second hop. Your job is to emit exactly one compact BM25-style query (a single-line string of space-separated keywords and short phrase fragments) that retrieves authoritative secondary-source confirmations missing from the first hop (obituaries, filmographies, Hall-of-Fame/biography entries, reputable film-history articles) about stunt-credit relationships. Rules (apply in order): - Preserve core anchors from the question/summary: the stunt performer name (e.g., Bud Ekins), the principal actor name or mapped alias (e.g., Steve McQueen / “the King of Cool”), and any film title explicitly present in the question or summary (e.g., ""The Great Escape""). - Restore the explicit relation token: include the exact-phrase ""stunt double"" (or reinsert it if omitted) and a compact stunt-event cue such as motorcycle or ""motorcycle jump"" to bias toward credit-language that states who doubled whom. - Add light ..."
180,prompt_update_Rq_delta_p_only_aggregate_steps_4,0.0,0.0,0.0,0.0,0.5,2157,83,5,2,preserve_anchor; restore_relation_or_type; drop_noisy_entity; candidate_uncertainty; bm25_interface_guard; single_query_guard; web_search_drift; multi_query_drift,web_syntax; boolean_heavy; multi_query,,,,,What is the date of released for the eleventh studio album of the highest-selling heavy metal group from Canada?,"Annihilator discography ""11th studio album"" release date OR ""Annihilator"" ""11th album"" release date AND ""highest-selling Canadian heavy metal"" confirmation",Annihilator 11th studio discography release date highest selling Canadian Wikipedia,"Given the fields `question` and `summary_1`, produce a single-line BM25-style query string optimized for the second hop that will surface the band's discography/band page or the specific album page needed to identify the 11th studio album and its release-date citations. Rules: - Output exactly one compact bag-of-words query (one line, plain tokens separated by spaces). Do not use quotes, boolean operators, site: restrictions, punctuation-heavy syntax, multiple queries, or explanatory text. - Preserve the band anchor tokens found in the visible inputs (e.g., Annihilator). If the band is uncertain, include the candidate band token(s) present in the summary rather than introducing new bands. - Always include an explicit ordinal token for the target album (11th | eleventh | 11) together with a discography cue and the studio qualifier (e.g., studio album or studio) to bias toward ordered album lists and album pages. - If the summary lacks a firm band identification, append natural- ..."
180,prompt_update_Rq_full_context_aggregate_steps_4,0.0,0.0,0.0,0.0,0.5,2854,60,3,4,preserve_anchor; restore_relation_or_type; drop_noisy_entity; candidate_uncertainty; bm25_interface_guard; single_query_guard; web_search_drift; multi_query_drift; query_string_like_delta; leakage_language,web_syntax; boolean_heavy; multi_query; leakage_language,,,,,What is the date of released for the eleventh studio album of the highest-selling heavy metal group from Canada?,"Annihilator discography ""11th studio album"" release date OR ""Annihilator"" ""11th album"" release date AND ""highest-selling Canadian heavy metal"" confirmation",Annihilator highest selling Canadian 11th studio discography,"Given the fields `question` and `summary_1`, produce the single field `query` — exactly one compact BM25-style query string (one line, plain tokens separated by spaces) optimized for the second-hop retrieval. Follow these rules: - Role: focus the second hop on filling gaps left by the first hop (confirm target artist, identify the 11th studio album, or, if the album is known, gather album-level release-date sources). Always emit one short BM25 query only; do not emit explanations, multiple queries, page titles, or final answers. - Anchor preservation: keep the core artist token(s) shown or strongly suggested in inputs (e.g., Annihilator). If the summary indicates a likely candidate but not confirmation, include the likeliest artist token and add a brief verification cue (see below). - Ordinal & discography cue: restore or preserve an explicit ordinal token (11th | eleventh | 11) together with a discography/studio qualifier (discography | studio album | studio). This steers the ..."
227,prompt_update_Rq_delta_p_only_aggregate_steps_4,1.0,1.0,0.0,1.0,1.0,1895,49,3,3,preserve_anchor; restore_relation_or_type; drop_noisy_entity; candidate_uncertainty; bm25_interface_guard; single_query_guard; web_search_drift; multi_query_drift; query_string_like_delta; leakage_language,web_syntax; boolean_heavy; multi_query; leakage_language,Evan Peters,,Evan Peters,,Evan Peters had a role as the fictional superhero from comic books by what publisher?,"Evan Peters Quicksilver Pietro Maximoff portrayal filmography ""X-Men: Days of Future Past"" ""X-Men: Apocalypse"" Marvel Comics",Evan Peters portrayed Quicksilver Pietro Maximoff,"Given question and summary_1, produce exactly one compact single-line BM25-style query for the second hop that prioritizes bridging the actor→character link and, when needed, confirming the character→publisher link. Rules: - Preserve strong anchors: always keep the actor token and the character codename token(s) exactly as they appear (e.g., Evan Peters, Quicksilver). - Restore missing canonical aliases: include the character’s widely used comic alias/real name if available (e.g., Pietro Maximoff). - Favor short role-link cues to surface cast/credit lines but avoid film-title and broad filmography noise: include one terse verb token such as portrayed or played or credited as to elicit actor→role evidence, but do not include full film titles, franchise names, or long ""filmography""/""cast list"" phrases. - Use publisher cues only when the retrieval step requires confirming publisher: include a minimal publisher token (e.g., Marvel Comics or publisher or comics) alongside the character ..."
227,prompt_update_Rq_full_context_aggregate_steps_4,1.0,1.0,0.0,1.0,1.0,1573,53,5,2,preserve_anchor; restore_relation_or_type; drop_noisy_entity; candidate_uncertainty; bm25_interface_guard; single_query_guard; web_search_drift; multi_query_drift; query_string_like_delta,web_syntax; boolean_heavy; multi_query,,,Evan Peters,,Evan Peters had a role as the fictional superhero from comic books by what publisher?,"Evan Peters Quicksilver Pietro Maximoff portrayal filmography ""X-Men: Days of Future Past"" ""X-Men: Apocalypse"" Marvel Comics",Evan Peters Quicksilver Pietro Maximoff Marvel Comics,"Given the fields `question` and `summary_1`, produce the single field `query` optimized for the second hop. Goal: retrieve concise actor→character evidence and authoritative character→publisher evidence in one compact BM25 query so the system can confirm the onscreen role and the character’s comics publisher. Rules: preserve the source anchor from the question (keep the actor name token exactly as written); restore a role‑link cue when needed (use tokens such as portrayed, played, credited as to elicit cast/filmography lines); include the character codename and, when available or indicated by the summary, the canonical civilian alias (e.g., Pietro Maximoff) to bridge onscreen role to comic identity; add a minimal publisher cue (publisher, comics, or the publisher name such as Marvel Comics) to surface the character/comics entry or infobox. Drop noisy side entities and adaptation/film‑title tokens, fan‑wiki/forum tokens, family tangents, and other clutter. If multiple candidate ..."
247,prompt_update_Rq_delta_p_only_aggregate_steps_4,0.0,0.0,0.0,0.5,0.5,1426,40,2,4,preserve_anchor; restore_relation_or_type; drop_noisy_entity; candidate_uncertainty; bm25_interface_guard; single_query_guard; web_search_drift; multi_query_drift; leakage_language,web_syntax; boolean_heavy; leakage_language,Occupy Ghana,Occupy Ghana,,,What is another name for the online protest that opposed the transfer of ex-detainees from Guantanamo Bay in 2016?,OccupyGhana online protest name hashtag 2016 Ghana transfer Guantanamo Yemeni ex-detainees,occupyghana npp ghana gitmo 2016 hashtag,"Given the fields question and summary_1, produce the field query optimized for the second hop: output exactly one compact BM25-style keyword query (a single line of 4–8 plain lowercase tokens separated by single spaces) that will retrieve a named online campaign label, petition title, or hashtag used to oppose Ghana’s January 2016 transfer of Guantanamo detainees. Rules: - Preserve event and actor anchors: include at least OccupyGhana or Occupy Ghana, Ghana, and a Guantanamo/Gitmo token, plus the year token 2016. When uncertain, keep both OccupyGhana (or Occupy Ghana) and NPP as candidate anchors. - Restore a campaign-medium bridge token: include at least one of petition, e-petition, Change.org, hashtag, online, online campaign, online protest, Twitter, or Facebook. At most two platform/outlet tokens may be included (e.g., GhanaWeb JoyOnline Graphic CitiNewsroom). - Query shape: single-line bag of 4–8 high-value noun tokens (no Boolean operators, no quotes, no site: syntax, no ..."
247,prompt_update_Rq_full_context_aggregate_steps_4,0.0,0.0,0.0,0.5,0.5,1876,42,1,5,preserve_anchor; restore_relation_or_type; drop_noisy_entity; candidate_uncertainty; bm25_interface_guard; single_query_guard; web_search_drift; multi_query_drift; query_string_like_delta; leakage_language,web_syntax; boolean_heavy; multi_query; leakage_language,Occupy Ghana,Occupy Ghana,,,What is another name for the online protest that opposed the transfer of ex-detainees from Guantanamo Bay in 2016?,OccupyGhana online protest name hashtag 2016 Ghana transfer Guantanamo Yemeni ex-detainees,occupyghana petition ghana guantanamo 2016,"Given the fields question and summary_1, produce the field query optimized for the second hop of a multi‑hop retrieval system. Your goal is to retrieve local news items or social/petition pages that reproduce a named online protest label (campaign title, e‑petition name, or hashtag) tied to the event. When the question asks for an alternate name/label or hashtag for an online protest opposing Ghana’s January 2016 acceptance/transfer of Guantanamo ex‑detainees, follow these rules: - Preserve core anchors: include at least one actor alias token (OccupyGhana or Occupy Ghana; you may optionally include NPP), the place token Ghana, an event token Guantanamo or Gitmo, and the year token 2016. These ensure event specificity. - Restore campaign/medium cues: include at least one campaign-medium token such as petition, hashtag, Change.org, online, e-petition, Facebook, or Twitter to bias retrieval toward campaign metadata and embedded social posts. - Drop noisy side tokens: remove detainee- ..."
267,prompt_update_Rq_delta_p_only_aggregate_steps_4,0.0,0.0,0.0,0.0,0.0,2285,45,3,1,preserve_anchor; restore_relation_or_type; drop_noisy_entity; bm25_interface_guard; single_query_guard; web_search_drift; multi_query_drift; leakage_language,web_syntax; boolean_heavy; multi_query; leakage_language,,,Smallville,,"Who were the writers of an American television series based on the DC Comics character Superman, which starred an American actor known for his television roles that include Fox Crane on the NBC daytime soap opera ""Passions""?","Smallville writing credits Alfred Gough Miles Millar Kelly Souders Brian Peterson Todd Slavkin Darren Swimmer ""List of Smallville episodes"" writers",Smallville creators Alfred Gough Miles Millar,"Given the fields question and summary_1, produce the field query for the second hop. This instruction enforces a concise, show-focused BM25 query that surfaces authoritative series-level credit pages (main series article, episode-list credits, or creator bios). Trigger: - Apply when the question requests who wrote/created/developed a named TV series and the summary or question includes an actor/role as a bridge. Preserve: - Keep the show title as the primary anchor. - Retain up to two primary creator name tokens if they already appear in the inputs. - Optionally keep the actor/role anchor only as a verification bridge (do not let it dominate the query). - Preserve a show-type cue (e.g., TV series) or a credit-seeking cue when useful. Restore / emphasize: - Add a short relation token to target series-level credits (choose one: created by, creators, writers, writing credits). - Order tokens to foreground the show title, then the relation/credit token, then up to two primary creator ..."
267,prompt_update_Rq_full_context_aggregate_steps_4,0.0,0.0,0.0,0.0,0.0,2200,55,5,1,preserve_anchor; restore_relation_or_type; drop_noisy_entity; candidate_uncertainty; bm25_interface_guard; single_query_guard; web_search_drift; multi_query_drift,web_syntax; boolean_heavy; multi_query,,,Smallville,,"Who were the writers of an American television series based on the DC Comics character Superman, which starred an American actor known for his television roles that include Fox Crane on the NBC daytime soap opera ""Passions""?","Smallville writing credits Alfred Gough Miles Millar Kelly Souders Brian Peterson Todd Slavkin Darren Swimmer ""List of Smallville episodes"" writers",Smallville TV series creators Alfred Gough Miles Millar,"Given the fields `question` and `summary_1`, produce the field `query` optimized for the second hop of a multi-hop retrieval system. Your job is to generate exactly one compact BM25 query that retrieves authoritative series-level writing/creation credits not captured in the first-hop results. Rules: - Trigger: apply when the question requests who wrote/created/developed a named TV series (especially if an actor/role is mentioned as a bridge). - Preserve: keep the show-title token as the primary anchor; preserve any primary creator names present in inputs (up to two); preserve an actor anchor or role mention only as a verification bridge; include a show-type cue such as TV series when helpful. - Restore / emphasize: add a succinct credit relation cue to target series-level evidence (choose one: created by, creators, writers, writing credits) so results surface the main series article, consolidated episode-list credits, or creator biographies. - Drop / avoid: remove episode-level ..."
262,prompt_update_Rq_delta_p_only_aggregate_steps_4,1.0,1.0,0.0,1.0,1.0,2000,46,4,4,preserve_anchor; restore_relation_or_type; drop_noisy_entity; candidate_uncertainty; bm25_interface_guard; single_query_guard; web_search_drift; multi_query_drift; leakage_language,web_syntax; boolean_heavy; leakage_language,Kunihiko Tanaka,,Kunihiko Tanaka; Xenoblade Chronicles X,,Kunihiko Tanaka designed the characters for which video game developed by Monolith Soft ?,Kunihiko Tanaka credits list Monolith Soft Xenosaga KOS-MOS character design,Kunihiko Tanaka Xenoblade Chronicles X credits,"Given the fields `question` and `summary_1`, produce the field `query` optimized for the second hop. The second-hop query must be a single compact BM25 keyword bag (one line, space-separated tokens, no punctuation, no boolean operators, no site/domain hints, no quotes, no explanatory text). Follow these rules: - PRESERVE: Always include the person’s full name verbatim as the primary anchor (e.g., Kunihiko Tanaka). - RESTORE TARGET: If the exact game title appears in the question or summary, include that exact title token(s). If no exact title is safe, include the developer name as the title fallback (e.g., Monolith Soft). - ARTIFACT/ROLE TOKEN: Add exactly one high-signal artifact-or-role token. Prefer in this order: artbook > credits > interview > press release. If using a role token instead, use a concise role cue such as character designer or designer (still only one additional token). - TOKEN ORDER & SIZE: Produce 2–6 plain tokens in this preferred order: [PERSON_FULL_NAME] ..."
262,prompt_update_Rq_full_context_aggregate_steps_4,1.0,1.0,0.0,1.0,1.0,1996,57,5,5,preserve_anchor; restore_relation_or_type; drop_noisy_entity; candidate_uncertainty; bm25_interface_guard; single_query_guard; web_search_drift; multi_query_drift; query_string_like_delta; leakage_language,boolean_heavy; leakage_language,Kunihiko Tanaka,,Kunihiko Tanaka; Xenoblade Chronicles X,,Kunihiko Tanaka designed the characters for which video game developed by Monolith Soft ?,Kunihiko Tanaka credits list Monolith Soft Xenosaga KOS-MOS character design,Kunihiko Tanaka character designer Xenoblade Chronicles X,"Given the fields `question` and `summary_1`, produce the field `query` optimized for the second hop: exactly one compact BM25 keyword bag (single line, space-separated tokens) that retrieves authoritative credit evidence tying a named person to a specific game title or role. Trigger: apply when the question asks which video game a named person designed characters for or to confirm a named person’s character-design credit. Rules: - PRESERVE: Always include the person’s full name verbatim as the primary anchor (e.g., Kunihiko Tanaka). If the summary or question supplies an exact candidate game title, include that exact title token sequence verbatim. - RESTORE (role/artifact cue): Insert exactly one high-signal role or artifact token to bias toward authoritative credit sources. Prefer, in order: artbook, credits, filmography, interview, press release. You may instead use a concise role token such as character designer or character design (count as the single role/artifact token). - ..."
268,prompt_update_Rq_delta_p_only_aggregate_steps_4,0.5,0.5,0.0,0.5,0.5,1314,40,3,2,preserve_anchor; restore_relation_or_type; drop_noisy_entity; candidate_uncertainty; bm25_interface_guard; single_query_guard; web_search_drift; multi_query_drift; leakage_language,web_syntax; boolean_heavy; multi_query; leakage_language,,,Henry Green,,"Between G. K. Chesterton and Henry Green, who had more diverse job experiences?","Henry Green novelist Henry Vincent Yorke biography occupations OR ""Henry Green (novelist)"" occupations biography; ""G. K. Chesterton"" biography occupations journalist novelist poet critic lay theologian",Henry Green Henry Vincent Yorke novelist,"Given the fields `question` and `summary_1`, produce the field `query` optimized for the second hop. When the question compares two people but one named person is missing or ambiguous in the current retrievals, this hop must fetch biographical/occupation evidence only for the missing subject; retain the comparison anchor conceptually but do not include any tokens for the known comparator in the query. Construct exactly one compact BM25-ready query string composed of: the target’s full name token(s) (use the form shown in the question), any known pen-name or real-name alias token(s) if available, and exactly one high-precision disambiguator token such as a primary-role label (e.g., novelist, journalist) or a signature work or a biography/infobox cue. Keep the token set short (aim 3–6 tokens, maximum 8), plain word tokens separated by single spaces, and biased to return lead/infobox or disambiguation/biography paragraphs. Do not include other subject names or similarly named noisy ..."
268,prompt_update_Rq_full_context_aggregate_steps_4,0.5,0.5,0.0,0.5,0.5,1413,40,3,2,preserve_anchor; restore_relation_or_type; drop_noisy_entity; candidate_uncertainty; bm25_interface_guard; single_query_guard; web_search_drift; multi_query_drift; leakage_language,web_syntax; boolean_heavy; multi_query; leakage_language,,,Henry Green,,"Between G. K. Chesterton and Henry Green, who had more diverse job experiences?","Henry Green novelist Henry Vincent Yorke biography occupations OR ""Henry Green (novelist)"" occupations biography; ""G. K. Chesterton"" biography occupations journalist novelist poet critic lay theologian",Henry Green Henry Vincent Yorke novelist,"Given `question` and `summary_1`, produce the field `query` optimized for the second hop. This hop must fetch biographical/occupation evidence only for any missing comparison subject named in the question (keep the other person as the comparison anchor in context but do not query for them here). Output exactly one compact BM25 query string (one line, plain tokens separated by single spaces, 3–8 tokens max) that favors encyclopedic lead/infobox or disambiguation-lead snippets mapping pen name → real name and listing primary vocation(s). When the missing subject is a pen name or ambiguous name, include: target name token, canonical alias/real-name token (if known), and one occupation/identity cue (examples: biography occupations novelist infobox) or a single high-signal disambiguator (notable work title or a year pair). Drop noisy same-name tokens and tokens for other people (e.g., Joseph Henry Chesterton) and do not include the known comparator’s tokens in this hop. Do not output ..."
